,MAE,RMSE,R2
Linear Regression,48.318106997748686,90.45994281145164,0.18981220067011662
Random Forest,16.293317422434367,34.776845443450064,0.880256085439726
XGBoost,0.5962299720199694,0.8785867921372548,0.9999235737727186
