model,dataset,accuracy,precision,recall,f1_score,roc_auc
logistic,cleaned,0.58,0.34782608695652173,0.22857142857142856,0.27586206896551724,0.4492307692307692
randomforest,cleaned,0.53,0.3333333333333333,0.34285714285714286,0.3380281690140845,0.5175824175824175
